Job_title,Company_name,Job_date_posted
Junior Data Scientist,Prescience Decision Solutions,2024-01-11
"python developer, data science, ML, AI, freshers, Django",AMAR TECHNOLABS PRIVATE LIMITED,2024-01-11
Data Research Analyst,Forbes Advisor,2024-01-10
Data Science - Internship,Hypersonix Inc.,2023-12-16
Data Analyst,BharatX,2023-12-15
Data Science,NIRA,2023-07-13
"ML Engineers_ Bangalore, Noida, Pune, Nagpur_ Deepanshi",CodersBrain,2023-12-29
Data Science Internship,Acceron,2023-11-04
"ML Engineers_ Bangalore, Noida, Pune, Nagpur_ Deepanshi",CodersBrain,2023-12-29
"Analyst (Full Time, Remote)",Hike,2024-01-03
Data Science intern,Kidvento Education and Research,2023-12-26
Data Scientist I,Syneos Health,2024-01-10
Data Scientist,Datagrid Solutions,2024-01-09
Python Developer(AI/ML),HOPS HEALTHCARE,2023-12-27
"ML Engineers_ Bangalore, Noida, Pune, Nagpur_ Deepanshi",CodersBrain,2023-12-29
